district_id,incumbent_2025,incumbent_party,pvi_string,pvi_numeric,is_open_seat,retirement_reason,war,generic_ballot,predicted_margin,predicted_winner,d_win_pct,r_win_pct,race_rating,potential_flip,sim_avg_margin,sim_margin_std
MI-07,Tom Barrett,R,EVEN,0.0,False,,1.4,5.2,0.01,D,53.4,46.6,Tilt D,True,0.27,5.31
NY-17,Mike Lawler,R,D+1,1.0,False,,3.8,5.2,-0.18,R,51.2,48.8,Tilt D,False,-0.1,5.03
AZ-01,David Schweikert,R,R+1,-1.0,True,Running for Governor,0.0,5.2,-0.3,R,50.0,50.0,Toss-up,False,-0.0,5.29
CO-08,Gabe Evans,R,EVEN,0.0,False,,2.1,5.2,-0.34,R,47.8,52.2,Tilt R,False,-0.4,5.49
PA-07,Ryan MacKenzie,R,R+1,-1.0,False,,0.1,5.2,-0.35,R,48.7,51.3,Tilt R,False,-0.19,5.28
OH-01,Greg Landsman,D,R+2,-2.0,False,,-1.7,5.2,-0.46,R,45.8,54.2,Tilt R,True,-0.53,5.49
NJ-07,Thomas Kean Jr.,R,EVEN,0.0,False,,0.0,5.2,0.73,D,52.8,47.2,Tilt D,True,0.29,5.28
MT-01,Ryan Zinke,R,R+5,-5.0,False,,-7.1,5.2,-0.78,R,41.9,58.1,Tilt R,False,-1.07,5.38
AK-AL,Nick Begich,R,R+6,-6.0,False,,-9.1,5.2,-0.79,R,45.1,54.9,Tilt R,False,-0.78,5.28
IA-03,Zach Nunn,R,R+2,-2.0,False,,-4.6,5.2,1.03,D,56.6,43.4,Tilt D,True,0.93,5.43
CO-03,Jeff Hurd,R,R+5,-5.0,False,,-6.3,5.2,-1.2,R,42.2,57.8,Tilt R,False,-1.18,5.52
VA-02,Jen Kiggans,R,EVEN,0.0,False,,-1.1,5.2,1.3,D,58.3,41.7,Tilt D,True,1.12,5.39
FL-13,Anna Paulina Luna,R,R+5,-5.0,False,,-6.1,5.2,-1.3,R,41.2,58.8,Tilt R,False,-1.37,5.35
WI-03,Derrick Van Orden,R,R+3,-3.0,False,,-7.3,5.2,1.38,D,61.8,38.2,Tilt D,True,1.64,5.37
TX-34,Vicente Gonzalez,D,EVEN,0.0,False,,-1.3,5.2,1.4,D,61.1,38.9,Tilt D,False,1.43,5.32
NY-03,Tom Suozzi,D,EVEN,0.0,False,,-1.9,5.2,1.71,D,64.9,35.1,Tilt D,False,1.93,5.26
WA-03,Marie Gluesenkamp Perez,D,R+2,-2.0,False,,-6.0,5.2,1.75,D,64.2,35.8,Tilt D,False,1.67,5.3
PA-08,Rob Bresnahan,R,R+4,-4.0,False,,-2.9,5.2,-1.91,R,34.7,65.3,Tilt R,False,-2.08,5.32
NV-03,Susie Lee,D,D+1,1.0,False,,-0.3,5.2,1.92,D,62.8,37.2,Tilt D,False,1.78,5.25
CA-48,Darrell Issa,R,EVEN,0.0,False,,-2.4,5.2,1.96,D,62.8,37.2,Tilt D,True,1.9,5.46
OH-09,Marcy Kaptur,D,R+5,-5.0,False,,-4.8,5.2,-1.96,R,35.0,65.0,Tilt R,True,-2.03,5.24
NC-01,Don Davis,D,R+4,-4.0,False,,-2.6,5.2,-2.06,R,34.0,66.0,Tilt R,True,-2.33,5.55
OH-13,Emilia Sykes,D,D+1,1.0,False,,-0.6,5.2,2.07,D,65.4,34.6,Tilt D,False,2.03,5.15
NY-01,Nick LaLota,R,R+4,-4.0,False,,-2.5,5.2,-2.11,R,34.7,65.3,Tilt R,False,-2.16,5.34
AZ-02,Eli Crane,R,R+7,-7.0,False,,-8.5,5.2,-2.13,R,32.2,67.8,Tilt R,False,-2.25,5.21
FL-23,Jared Moskowitz,D,D+2,2.0,False,,1.3,5.2,2.13,D,66.1,33.9,Tilt D,False,2.31,5.34
PA-10,Scott Perry,R,R+3,-3.0,False,,-8.8,5.2,2.15,D,63.9,36.1,Tilt D,True,2.0,5.28
WI-01,Bryan Steil,R,R+2,-2.0,False,,1.8,5.2,-2.25,R,35.5,64.5,Tilt R,False,-2.08,5.38
NM-02,Gabe Vasquez,D,EVEN,0.0,False,,-3.1,5.2,2.32,D,67.2,32.8,Tilt D,False,2.15,5.44
MI-10,John James,R,R+3,-3.0,True,Running for Governor,0.0,5.2,-2.36,R,33.8,66.2,Tilt R,False,-2.24,5.25
IA-01,Mariannette Miller-Meeks,R,R+4,-4.0,False,,-11.3,5.2,2.4,D,67.9,32.1,Tilt D,True,2.41,5.23
AZ-06,Juan Ciscomani,R,EVEN,0.0,False,,-3.7,5.2,2.63,D,69.6,30.4,Tilt D,True,2.72,5.26
FL-07,Cory Mills,R,R+5,-5.0,False,,-3.4,5.2,-2.68,R,28.2,71.8,Tilt R,False,-2.88,5.41
VA-01,Rob Wittman,R,R+3,-3.0,False,,0.7,5.2,-2.72,R,29.0,71.0,Tilt R,False,-2.87,5.56
PA-01,Brian Fitzpatrick,R,D+1,1.0,False,,8.8,5.2,-2.75,R,32.5,67.5,Tilt R,False,-2.6,5.52
NH-01,Chris Pappas,D,D+2,2.0,True,Running for Senate,0.0,5.2,2.8,D,67.8,32.2,Tilt D,False,2.57,5.51
TX-28,Henry Cuellar,D,R+2,-2.0,False,,-8.3,5.2,2.93,D,69.3,30.7,Tilt D,False,3.05,5.38
FL-15,Laurel Lee,R,R+5,-5.0,False,,-2.6,5.2,-3.09,R,29.1,70.9,Tilt R,False,-2.94,5.55
CT-05,Jahana Hayes,D,D+3,3.0,False,,1.1,5.2,3.26,D,73.1,26.9,Tilt D,False,3.24,5.41
CA-49,Mike Levin,D,D+5,5.0,False,,4.9,5.2,3.38,D,74.3,25.7,Tilt D,False,3.48,5.21
MI-04,Bill Huizenga,R,R+3,-3.0,False,,2.0,5.2,-3.39,R,26.9,73.1,Tilt R,False,-3.37,5.38
ME-02,Jared Golden,D,R+4,-4.0,True,Retiring,0.0,5.2,-3.39,R,24.5,75.5,Lean R,True,-3.82,5.38
OR-06,Andrea Salinas,D,D+6,6.0,False,,6.9,5.2,3.39,D,74.0,26.0,Tilt D,False,3.44,5.33
IA-02,Ashley Hinson,R,R+4,-4.0,True,Running for Senate,0.0,5.2,-3.39,R,27.0,73.0,Tilt R,False,-3.37,5.41
VA-07,Eugene Vindman,D,D+2,2.0,False,,-1.2,5.2,3.41,D,75.2,24.8,Lean D,False,3.42,5.44
FL-04,Aaron Bean,R,R+5,-5.0,False,,-1.8,5.2,-3.5,R,26.5,73.5,Tilt R,False,-3.42,5.12
IL-06,Sean Casten,D,D+3,3.0,False,,0.4,5.2,3.62,D,73.7,26.3,Tilt D,False,3.66,5.56
TX-15,Monica De La Cruz,R,R+7,-7.0,False,,-5.6,5.2,-3.62,R,25.2,74.8,Tilt R,False,-3.56,5.34
NH-02,Maggie Goodlander,D,D+2,2.0,False,,-1.7,5.2,3.67,D,75.5,24.5,Lean D,False,3.65,5.43
OR-04,Val Hoyle,D,D+6,6.0,False,,6.3,5.2,3.69,D,76.6,23.4,Lean D,False,3.78,5.32
MN-02,Angie Craig,D,D+3,3.0,True,Running for Senate,0.0,5.2,3.83,D,75.5,24.5,Lean D,False,3.86,5.18
NE-02,Don Bacon,R,D+3,3.0,True,Retiring,0.0,5.2,3.83,D,76.3,23.7,Lean D,True,3.75,5.28
CO-04,Lauren Boebert,R,R+9,-9.0,False,,-9.2,5.2,-3.84,R,23.5,76.5,Lean R,False,-3.78,5.23
NY-19,Josh Riley,D,D+1,1.0,False,,-4.1,5.2,3.87,D,77.5,22.5,Lean D,False,3.95,5.29
AZ-04,Greg Stanton,D,D+4,4.0,False,,1.7,5.2,3.99,D,76.9,23.1,Lean D,False,4.09,5.41
NV-01,Dina Titus,D,D+2,2.0,False,,-2.4,5.2,4.03,D,77.3,22.7,Lean D,False,4.0,5.41
NJ-09,Nellie Pou,D,D+2,2.0,False,,-2.4,5.2,4.03,D,77.2,22.8,Lean D,False,4.08,5.35
NY-04,Laura Gillen,D,D+2,2.0,False,,-2.5,5.2,4.08,D,78.1,21.9,Lean D,False,4.22,5.24
MI-08,Kristen McDonald Rivet,D,R+1,-1.0,False,,-8.6,5.2,4.11,D,78.2,21.8,Lean D,False,4.09,5.38
IN-01,Frank J. Mrvan,D,D+1,1.0,False,,-4.6,5.2,4.12,D,78.0,22.0,Lean D,False,4.35,5.28
WA-08,Kim Schrier,D,D+3,3.0,False,,-0.7,5.2,4.19,D,80.8,19.2,Lean D,False,4.38,5.27
MD-06,April McClain Delaney,D,D+3,3.0,False,,-0.8,5.2,4.24,D,81.1,18.9,Lean D,False,4.81,5.37
AZ-08,Abe Hamadeh,R,R+8,-8.0,False,,-6.4,5.2,-4.24,R,21.1,78.9,Lean R,False,-4.2,5.34
VA-10,Suhas Subramanyam,D,D+6,6.0,False,,5.1,5.2,4.31,D,77.6,22.4,Lean D,False,4.03,5.38
TX-35,Greg Casar,D,R+3,-3.0,False,,3.9,5.2,-4.36,R,20.4,79.6,Lean R,True,-4.39,5.33
IL-17,Eric Sorensen,D,D+3,3.0,False,,-1.1,5.2,4.39,D,80.5,19.5,Lean D,False,4.75,5.51
CA-06,Ami Bera,D,D+4,4.0,False,,0.9,5.2,4.4,D,80.4,19.6,Lean D,False,4.55,5.35
OR-05,Janelle Bynum,D,D+4,4.0,False,,0.9,5.2,4.4,D,79.0,21.0,Lean D,False,4.33,5.46
TX-09,Al Green,D,R+5,-5.0,False,,0.0,5.2,-4.43,R,21.5,78.5,Lean R,True,-4.26,5.29
NV-04,Steven Horsford,D,D+2,2.0,False,,-3.2,5.2,4.44,D,80.9,19.1,Lean D,False,4.48,5.11
IL-14,Lauren Underwood,D,D+3,3.0,False,,-1.3,5.2,4.5,D,79.0,21.0,Lean D,False,4.63,5.54
PA-17,Chris Deluzio,D,D+3,3.0,False,,-1.8,5.2,4.75,D,83.2,16.8,Lean D,False,4.71,5.34
OH-15,Mike Carey,R,R+6,-6.0,False,,-1.3,5.2,-4.79,R,18.8,81.2,Lean R,False,-4.8,5.31
CA-03,Kevin Kiley,R,D+5,5.0,False,,2.1,5.2,4.82,D,81.3,18.7,Lean D,True,4.68,5.41
MI-03,Hillary Scholten,D,D+4,4.0,False,,-0.4,5.2,5.07,D,80.9,19.1,Lean D,False,4.83,5.35
FL-22,Lois Frankel,D,D+4,4.0,False,,-0.5,5.2,5.12,D,82.9,17.1,Lean D,False,4.99,5.25
FL-25,Debbie Wasserman Schultz,D,D+5,5.0,False,,1.3,5.2,5.23,D,81.1,18.9,Lean D,False,4.9,5.42
NJ-02,Jeff Van Drew,R,R+5,-5.0,False,,1.6,5.2,-5.25,R,15.4,84.6,Lean R,False,-5.37,5.34
IL-11,Bill Foster,D,D+6,6.0,False,,3.1,5.2,5.33,D,83.8,16.2,Lean D,False,5.58,5.56
NJ-05,Josh Gottheimer,D,D+2,2.0,False,,-5.1,5.2,5.41,D,85.2,14.8,Lean D,False,5.44,5.41
SC-01,Nancy Mace,R,R+6,-6.0,True,Running for Governor,0.0,5.2,-5.46,R,15.2,84.8,Lean R,False,-5.31,5.28
NC-03,Greg Murphy,R,R+6,-6.0,False,,0.0,5.2,-5.46,R,15.3,84.7,Lean R,False,-5.51,5.28
TN-05,Andy Ogles,R,R+8,-8.0,False,,-3.9,5.2,-5.52,R,14.0,86.0,Lean R,False,-5.72,5.38
CO-05,Jeff Crank,R,R+5,-5.0,False,,2.6,5.2,-5.76,R,13.7,86.3,Lean R,False,-5.59,5.25
AR-02,French Hill,R,R+8,-8.0,False,,-3.3,5.2,-5.83,R,13.9,86.1,Lean R,False,-5.91,5.35
NJ-11,Mikie Sherrill,D,D+5,5.0,True,Resigned - Now Governor,0.0,5.2,5.89,D,84.7,15.3,Lean D,False,5.38,5.3
IL-08,Raja Krishnamoorthi,D,D+5,5.0,True,Running for Senate,0.0,5.2,5.89,D,86.0,14.0,Lean D,False,5.88,5.34
FL-16,Vern Buchanan,R,R+7,-7.0,False,,-1.0,5.2,-5.98,R,13.9,86.1,Lean R,False,-5.88,5.31
MN-01,Brad Finstad,R,R+6,-6.0,False,,1.1,5.2,-6.02,R,14.2,85.8,Lean R,False,-6.07,5.73
MN-08,Pete Stauber,R,R+7,-7.0,False,,-0.9,5.2,-6.03,R,12.9,87.1,Lean R,False,-6.2,5.32
WI-08,Tony Wied,R,R+8,-8.0,False,,-2.8,5.2,-6.09,R,10.5,89.5,Lean R,False,-6.54,5.17
NM-03,Teresa Leger Fernandez,D,D+3,3.0,False,,-4.5,5.2,6.14,D,86.5,13.5,Lean D,False,6.21,5.62
PA-06,Chrissy Houlahan,D,D+6,6.0,False,,1.5,5.2,6.16,D,87.7,12.3,Lean D,False,6.16,5.24
NC-07,David Rouzer,R,R+8,-8.0,False,,-2.6,5.2,-6.19,R,11.9,88.1,Lean R,False,-6.16,5.6
MA-09,Bill Keating,D,D+6,6.0,False,,1.4,5.2,6.21,D,87.0,13.0,Lean D,False,6.17,5.44
KS-03,Sharice Davids,D,D+2,2.0,False,,-6.7,5.2,6.23,D,88.9,11.1,Lean D,False,6.31,5.16
NC-09,Richard Hudson,R,R+8,-8.0,False,,-2.3,5.2,-6.34,R,11.5,88.5,Lean R,False,-6.48,5.28
VA-05,John McGuire,R,R+6,-6.0,False,,1.8,5.2,-6.38,R,12.4,87.6,Lean R,False,-6.34,5.43
GA-02,Sanford Bishop,D,D+4,4.0,False,,-3.0,5.2,6.4,D,86.8,13.2,Lean D,False,6.29,5.39
NC-05,Virginia Foxx,R,R+9,-9.0,False,,-4.1,5.2,-6.45,R,11.3,88.7,Lean R,False,-6.5,5.32
CA-01,Doug LaMalfa,R,D+7,7.0,False,,2.9,5.2,6.47,D,88.4,11.6,Lean D,True,6.06,5.03
TX-24,Beth Van Duyne,R,R+7,-7.0,False,,0.0,5.2,-6.49,R,14.1,85.9,Lean R,False,-6.21,5.64
NV-02,Mark Amodei,R,R+7,-7.0,False,,0.0,5.2,-6.49,R,11.7,88.3,Lean R,False,-6.39,5.4
KY-06,Andy Barr,R,R+7,-7.0,True,Running for Senate,0.0,5.2,-6.49,R,9.3,90.7,Likely R,False,-6.66,5.41
NE-01,Mike Flood,R,R+6,-6.0,False,,2.2,5.2,-6.59,R,10.3,89.7,Lean R,False,-6.82,5.34
NJ-03,Herb Conaway,D,D+5,5.0,False,,-1.4,5.2,6.61,D,90.7,9.3,Likely D,False,6.84,5.27
CA-47,Dave Min,D,D+6,6.0,False,,0.4,5.2,6.72,D,89.1,10.9,Lean D,False,6.66,5.37
OH-07,Max Miller,R,R+7,-7.0,False,,0.6,5.2,-6.8,R,10.1,89.9,Lean R,False,-6.9,5.47
CA-50,Scott Peters,D,D+8,8.0,False,,4.1,5.2,6.89,D,90.6,9.4,Likely D,False,6.89,5.34
NY-18,Pat Ryan,D,D+2,2.0,False,,-8.1,5.2,6.95,D,91.1,8.9,Likely D,False,6.9,5.26
FL-27,Maria Elvira Salazar,R,R+6,-6.0,False,,3.0,5.2,-7.0,R,9.5,90.5,Likely R,False,-6.92,5.45
AL-02,Shomari Figures,D,D+5,5.0,False,,-2.2,5.2,7.02,D,90.1,9.9,Likely D,False,6.94,5.3
PA-12,Summer Lee,D,D+10,10.0,False,,7.8,5.2,7.05,D,91.2,8.8,Likely D,False,7.01,5.31
SC-02,Joe Wilson,R,R+7,-7.0,False,,1.1,5.2,-7.06,R,9.7,90.3,Likely R,False,-6.84,5.31
OK-05,Stephanie Bice,R,R+9,-9.0,False,,-2.6,5.2,-7.22,R,8.3,91.7,Likely R,False,-7.53,5.38
NY-02,Andrew Garbarino,R,R+6,-6.0,False,,3.7,5.2,-7.36,R,8.8,91.2,Likely R,False,-7.53,5.49
NM-01,Melanie Stansbury,D,D+7,7.0,False,,1.1,5.2,7.39,D,92.1,7.9,Likely D,False,7.41,5.07
NY-22,John Mannion,D,D+4,4.0,False,,-5.1,5.2,7.48,D,90.4,9.6,Likely D,False,7.39,5.46
GA-01,Buddy Carter,R,R+8,-8.0,True,Running for Senate,0.0,5.2,-7.52,R,9.5,90.5,Likely R,False,-7.44,5.54
MO-02,Ann Wagner,R,R+9,-9.0,False,,-2.0,5.2,-7.53,R,7.7,92.3,Likely R,False,-7.46,5.29
FL-09,Darren Soto,D,D+4,4.0,False,,-5.3,5.2,7.58,D,93.3,6.7,Likely D,False,7.73,5.41
IL-13,Nikki Budzinski,D,D+5,5.0,False,,-3.3,5.2,7.59,D,92.7,7.3,Likely D,False,7.51,5.35
NC-11,Chuck Edwards,R,R+9,-9.0,False,,-1.5,5.2,-7.79,R,8.5,91.5,Likely R,False,-7.58,5.6
FL-11,Daniel Webster,R,R+8,-8.0,False,,0.6,5.2,-7.83,R,7.1,92.9,Likely R,False,-7.86,5.35
RI-02,Seth Magaziner,D,D+4,4.0,False,,-5.8,5.2,7.84,D,91.6,8.4,Likely D,False,7.65,5.42
CT-02,Joe Courtney,D,D+4,4.0,False,,-5.8,5.2,7.84,D,93.0,7.0,Likely D,False,7.67,5.26
CA-22,David Valadao,R,D+8,8.0,False,,2.2,5.2,7.86,D,93.4,6.6,Likely D,True,7.98,5.25
GA-12,Rick Allen,R,R+7,-7.0,False,,2.7,5.2,-7.88,R,8.3,91.7,Likely R,False,-7.68,5.29
FL-21,Brian Mast,R,R+7,-7.0,False,,2.7,5.2,-7.88,R,5.8,94.2,Likely R,False,-7.97,5.38
CA-40,Young Kim,R,R+7,-7.0,False,,2.8,5.2,-7.93,R,7.5,92.5,Likely R,False,-7.63,5.39
CO-07,Brittany Pettersen,D,D+8,8.0,False,,2.0,5.2,7.96,D,92.6,7.4,Likely D,False,7.74,5.37
IN-05,Victoria Spartz,R,R+8,-8.0,False,,0.9,5.2,-7.98,R,7.3,92.7,Likely R,False,-7.72,5.43
NJ-06,Frank Pallone,D,D+5,5.0,False,,-4.1,5.2,8.0,D,92.4,7.6,Likely D,False,8.17,5.44
FL-14,Kathy Castor,D,D+5,5.0,False,,-4.3,5.2,8.1,D,93.0,7.0,Likely D,False,7.86,5.53
CA-42,Robert Garcia,D,D+8,8.0,False,,1.7,5.2,8.12,D,94.1,5.9,Likely D,False,8.23,5.29
CA-21,Jim Costa,D,D+10,10.0,False,,5.4,5.2,8.28,D,93.4,6.6,Likely D,False,8.15,5.44
MD-01,Andy Harris,R,R+8,-8.0,False,,1.6,5.2,-8.34,R,6.0,94.0,Likely R,False,-8.61,5.33
SC-04,William Timmons,R,R+11,-11.0,False,,-4.4,5.2,-8.36,R,4.7,95.3,Likely R,False,-8.25,5.14
OH-08,Warren Davidson,R,R+10,-10.0,False,,-2.3,5.2,-8.41,R,7.8,92.2,Likely R,False,-8.3,5.65
WA-10,Marilyn Strickland,D,D+9,9.0,False,,3.1,5.2,8.43,D,94.0,6.0,Likely D,False,8.23,5.31
TX-22,Troy Nehls,R,R+9,-9.0,True,Retiring,0.0,5.2,-8.55,R,5.6,94.4,Likely R,False,-8.48,5.44
FL-03,Kat Cammack,R,R+10,-10.0,False,,-2.0,5.2,-8.56,R,5.9,94.1,Likely R,False,-8.31,5.38
TX-23,Tony Gonzales,R,R+7,-7.0,False,,4.2,5.2,-8.65,R,5.9,94.1,Likely R,False,-8.53,5.35
FL-02,Neal Dunn,R,R+8,-8.0,False,,2.3,5.2,-8.7,R,6.1,93.9,Likely R,False,-8.67,5.3
CA-26,Julia Brownley,D,D+10,10.0,False,,4.5,5.2,8.74,D,94.3,5.7,Likely D,False,8.52,5.57
CA-23,Jay Obernolte,R,R+9,-9.0,False,,0.5,5.2,-8.81,R,4.7,95.3,Likely R,False,-8.75,5.2
WI-06,Glenn Grothman,R,R+8,-8.0,False,,2.5,5.2,-8.81,R,4.7,95.3,Likely R,False,-8.94,5.23
NC-13,Brad Knott,R,R+11,-11.0,False,,-3.5,5.2,-8.82,R,4.6,95.4,Likely R,False,-8.87,5.3
OH-10,Mike Turner,R,R+5,-5.0,False,,8.7,5.2,-8.89,R,6.2,93.8,Likely R,False,-8.41,5.4
CA-51,Sara Jacobs,D,D+10,10.0,False,,4.2,5.2,8.9,D,94.8,5.2,Likely D,False,8.96,5.44
MO-05,Emanuel Cleaver,D,R+9,-9.0,False,,0.7,5.2,-8.91,R,4.9,95.1,Likely R,True,-8.99,5.3
CA-04,Mike Thompson,D,D+9,9.0,False,,2.1,5.2,8.94,D,95.2,4.8,Likely D,False,8.68,5.4
WA-05,Michael Baumgartner,R,R+5,-5.0,False,,8.9,5.2,-8.99,R,4.9,95.1,Likely R,False,-9.32,5.48
MA-01,Richard Neal,D,D+8,8.0,False,,0.0,5.2,8.99,D,95.3,4.7,Likely D,False,8.99,5.42
DE-AL,Sarah McBride,D,D+8,8.0,False,,-0.1,5.2,9.04,D,96.0,4.0,Likely D,False,8.93,5.33
CT-03,Rosa DeLauro,D,D+8,8.0,False,,-0.1,5.2,9.04,D,94.4,5.6,Likely D,False,8.86,5.41
WA-06,Emily Randall,D,D+10,10.0,False,,3.9,5.2,9.05,D,95.7,4.3,Likely D,False,8.79,5.47
NJ-01,Donald Norcross,D,D+10,10.0,False,,3.9,5.2,9.05,D,94.7,5.3,Likely D,False,8.83,5.41
NC-14,Tim Moore,R,R+11,-11.0,False,,-3.0,5.2,-9.08,R,4.2,95.8,Likely R,False,-8.96,5.18
NC-10,Pat Harrigan,R,R+10,-10.0,False,,-0.9,5.2,-9.13,R,4.2,95.8,Likely R,False,-9.19,5.28
PA-04,Madeleine Dean,D,D+8,8.0,False,,-0.3,5.2,9.14,D,96.6,3.4,Likely D,False,9.29,5.3
NC-08,Mark Harris,R,R+11,-11.0,False,,-2.7,5.2,-9.23,R,3.8,96.2,Likely R,False,-9.12,5.46
MI-01,Jack Bergman,R,R+11,-11.0,False,,-2.6,5.2,-9.29,R,3.8,96.2,Likely R,False,-9.22,5.15
KS-02,Derek Schmidt,R,R+10,-10.0,False,,-0.4,5.2,-9.38,R,3.5,96.5,Likely R,False,-9.55,5.32
TX-32,Julie Johnson,D,R+9,-9.0,False,,1.7,5.2,-9.43,R,3.3,96.7,Likely R,True,-9.65,5.35
MN-06,Tom Emmer,R,R+10,-10.0,False,,-0.1,5.2,-9.54,R,4.9,95.1,Likely R,False,-9.24,5.39
CA-05,Tom McClintock,R,R+9,-9.0,False,,2.0,5.2,-9.58,R,4.3,95.7,Likely R,False,-9.58,5.49
TN-07,Mark Green,R,R+10,-10.0,True,Resigned,0.0,5.2,-9.59,R,4.4,95.6,Likely R,False,-9.52,5.58
TX-38,Wesley Hunt,R,R+10,-10.0,True,Running for Senate,0.0,5.2,-9.59,R,3.9,96.1,Likely R,False,-9.55,5.4
WA-04,Dan Newhouse,R,R+10,-10.0,True,Retiring,0.0,5.2,-9.59,R,3.1,96.9,Likely R,False,-9.67,5.4
AZ-05,Andy Biggs,R,R+10,-10.0,True,Running for Governor,0.0,5.2,-9.59,R,3.3,96.7,Likely R,False,-9.8,5.47
NY-21,Elise Stefanik,R,R+10,-10.0,True,Retiring,0.0,5.2,-9.59,R,4.3,95.7,Likely R,False,-9.75,5.49
CA-27,George Whitesides,D,D+8,8.0,False,,-1.3,5.2,9.66,D,96.1,3.9,Likely D,False,9.59,5.42
FL-05,John Rutherford,R,R+10,-10.0,False,,0.6,5.2,-9.89,R,3.6,96.4,Likely R,False,-10.26,5.41
CA-45,Derek Tran,D,D+7,7.0,False,,-3.9,5.2,9.96,D,97.3,2.7,Likely D,False,10.02,5.45
CA-25,Raul Ruiz,D,D+7,7.0,False,,-4.0,5.2,10.01,D,96.6,3.4,Likely D,False,10.21,5.57
MI-11,Haley Stevens,D,D+9,9.0,True,Running for Senate,0.0,5.2,10.02,D,97.2,2.8,Likely D,False,10.07,5.2
PA-11,Lloyd Smucker,R,R+11,-11.0,False,,-1.1,5.2,-10.05,R,3.2,96.8,Likely R,False,-10.23,5.44
CA-07,Doris Matsui,D,D+9,9.0,False,,-0.5,5.2,10.28,D,97.5,2.5,Likely D,False,10.31,5.2
UT-01,Blake Moore,R,D+12,12.0,False,,5.4,5.2,10.35,D,97.4,2.6,Likely D,True,10.38,5.18
OK-01,Kevin Hern,R,R+11,-11.0,False,,-0.5,5.2,-10.36,R,3.2,96.8,Likely R,False,-10.19,5.38
TX-05,Lance Gooden,R,R+12,-12.0,False,,-2.3,5.2,-10.47,R,2.2,97.8,Likely R,False,-10.48,5.22
GA-10,Mike Collins,R,R+11,-11.0,True,Running for Senate,0.0,5.2,-10.62,R,2.4,97.6,Likely R,False,-10.69,5.2
TX-21,Chip Roy,R,R+11,-11.0,True,Running for AG,0.0,5.2,-10.62,R,2.8,97.2,Likely R,False,-10.37,5.27
NC-06,Addison McDowell,R,R+11,-11.0,False,,0.0,5.2,-10.62,R,2.8,97.2,Likely R,False,-10.24,5.34
WI-07,Tom Tiffany,R,R+11,-11.0,True,Running for Governor,0.0,5.2,-10.62,R,2.2,97.8,Likely R,False,-10.73,5.18
IL-16,Darin LaHood,R,R+11,-11.0,False,,0.0,5.2,-10.62,R,2.9,97.1,Likely R,False,-10.38,5.3
SC-05,Ralph Norman,R,R+11,-11.0,True,Running for Governor,0.0,5.2,-10.62,R,2.7,97.3,Likely R,False,-10.5,5.36
FL-08,Mike Haridopolos,R,R+11,-11.0,False,,0.2,5.2,-10.72,R,2.3,97.7,Likely R,False,-10.75,5.28
TX-36,Brian Babin,R,R+12,-12.0,False,,-1.8,5.2,-10.73,R,2.4,97.6,Likely R,False,-10.74,5.5
MN-03,Kelly Morrison,D,D+11,11.0,False,,2.4,5.2,10.85,D,97.8,2.2,Likely D,False,10.99,5.38
FL-17,Greg Steube,R,R+11,-11.0,False,,0.5,5.2,-10.88,R,2.3,97.7,Likely R,False,-10.94,5.39
NY-11,Nicole Malliotakis,R,R+10,-10.0,False,,2.6,5.2,-10.92,R,1.7,98.3,Likely R,False,-11.19,5.26
FL-28,Carlos A. Giménez,R,R+10,-10.0,False,,2.7,5.2,-10.97,R,1.5,98.5,Likely R,False,-11.18,5.22
PA-16,Mike Kelly,R,R+11,-11.0,False,,0.7,5.2,-10.98,R,2.2,97.8,Likely R,False,-11.09,5.47
IL-10,Brad Schneider,D,D+12,12.0,False,,4.0,5.2,11.07,D,97.9,2.1,Likely D,False,11.03,5.44
CA-02,Jared Huffman,D,D+12,12.0,False,,4.0,5.2,11.07,D,97.9,2.1,Likely D,False,11.01,5.42
CO-06,Jason Crow,D,D+11,11.0,False,,1.9,5.2,11.11,D,97.6,2.4,Likely D,False,10.73,5.1
WI-05,Scott Fitzgerald,R,R+11,-11.0,False,,1.0,5.2,-11.13,R,1.6,98.4,Likely R,False,-10.91,5.28
NY-06,Grace Meng,D,D+6,6.0,False,,-8.4,5.2,11.23,D,97.9,2.1,Likely D,False,11.23,5.41
TX-31,John Carter,R,R+11,-11.0,False,,1.2,5.2,-11.23,R,1.3,98.7,Likely R,False,-11.37,5.35
GA-07,Rich McCormick,R,R+11,-11.0,False,,1.4,5.2,-11.34,R,1.9,98.1,Likely R,False,-11.43,5.26
NY-20,Paul Tonko,D,D+8,8.0,False,,-4.6,5.2,11.35,D,98.5,1.5,Likely D,False,11.21,5.18
MO-03,Bob Onder,R,R+13,-13.0,False,,-2.4,5.2,-11.45,R,1.7,98.3,Likely R,False,-11.34,5.35
TX-26,Brandon Gill,R,R+11,-11.0,False,,1.8,5.2,-11.54,R,1.6,98.4,Likely R,False,-11.64,5.46
TX-10,Michael McCaul,R,R+12,-12.0,True,Retiring,0.0,5.2,-11.65,R,2.1,97.9,Likely R,False,-11.48,5.35
TX-12,Craig Goldman,R,R+11,-11.0,False,,2.2,5.2,-11.75,R,1.1,98.9,Likely R,False,-11.73,5.41
MD-02,Johnny Olszewski,D,D+10,10.0,False,,-1.4,5.2,11.77,D,98.8,1.2,Likely D,False,11.78,5.36
OH-14,David Joyce,R,R+10,-10.0,False,,4.3,5.2,-11.79,R,1.6,98.4,Likely R,False,-11.87,5.49
NY-25,Joseph Morelle,D,D+10,10.0,False,,-1.5,5.2,11.82,D,98.8,1.2,Likely D,False,12.02,5.25
TX-07,Lizzie Fletcher,D,D+12,12.0,False,,2.5,5.2,11.83,D,98.6,1.4,Likely D,False,12.04,5.38
KY-03,Morgan McGarvey,D,D+10,10.0,False,,-1.7,5.2,11.93,D,98.6,1.4,Likely D,False,11.95,5.39
IN-02,Rudy Yakym,R,R+13,-13.0,False,,-1.2,5.2,-12.07,R,1.3,98.7,Likely R,False,-11.89,5.47
ME-01,Chellie Pingree,D,D+11,11.0,False,,0.0,5.2,12.09,D,98.7,1.3,Likely D,False,12.09,5.26
MA-03,Lori Trahan,D,D+11,11.0,False,,0.0,5.2,12.09,D,99.4,0.6,Safe D,False,12.24,5.25
MA-04,Jake Auchincloss,D,D+11,11.0,False,,0.0,5.2,12.09,D,98.2,1.8,Likely D,False,12.04,5.43
MA-06,Seth Moulton,D,D+11,11.0,True,Running for Senate,0.0,5.2,12.09,D,98.6,1.4,Likely D,False,11.76,5.52
VA-06,Ben Cline,R,R+12,-12.0,False,,1.1,5.2,-12.22,R,1.3,98.7,Likely R,False,-11.98,5.41
KS-04,Ron Estes,R,R+12,-12.0,False,,1.3,5.2,-12.32,R,1.0,99.0,Likely R,False,-12.46,5.48
SC-07,Russell Fry,R,R+12,-12.0,False,,1.4,5.2,-12.37,R,1.7,98.3,Likely R,False,-12.44,5.4
CT-04,Jim Himes,D,D+13,13.0,False,,3.4,5.2,12.4,D,98.8,1.2,Likely D,False,12.39,5.5
OH-05,Bob Latta,R,R+12,-12.0,False,,1.5,5.2,-12.42,R,1.5,98.5,Likely R,False,-12.36,5.54
CA-31,Gil Cisneros,D,D+12,12.0,False,,1.3,5.2,12.45,D,98.9,1.1,Likely D,False,12.62,5.35
MD-03,Sarah Elfreth,D,D+12,12.0,False,,1.3,5.2,12.45,D,99.6,0.4,Safe D,False,12.53,5.2
GA-14,Marjorie Taylor Greene,R,R+19,-19.0,False,,-12.5,5.2,-12.46,R,1.2,98.8,Likely R,False,-12.47,5.26
MS-02,Bennie Thompson,D,D+11,11.0,False,,-1.0,5.2,12.6,D,99.0,1.0,Safe D,False,12.77,5.44
SC-06,Jim Clyburn,D,D+13,13.0,False,,3.0,5.2,12.61,D,99.1,0.9,Safe D,False,12.53,5.28
CA-24,Salud Carbajal,D,D+13,13.0,False,,3.0,5.2,12.61,D,98.9,1.1,Likely D,False,12.53,5.29
TX-06,Jake Ellzey,R,R+14,-14.0,False,,-2.1,5.2,-12.64,R,0.5,99.5,Safe R,False,-12.78,5.36
AZ-09,Paul Gosar,R,R+15,-15.0,False,,-4.0,5.2,-12.69,R,0.4,99.6,Safe R,False,-12.47,5.24
CA-13,Adam Gray,D,D+9,9.0,False,,-5.2,5.2,12.69,D,99.5,0.5,Safe D,False,12.87,5.22
CA-39,Mark Takano,D,D+13,13.0,False,,2.8,5.2,12.71,D,99.1,0.9,Safe D,False,12.67,5.33
FL-10,Maxwell Frost,D,D+13,13.0,False,,2.5,5.2,12.87,D,99.4,0.6,Safe D,False,12.97,5.41
TX-04,Pat Fallon,R,R+13,-13.0,False,,0.5,5.2,-12.94,R,0.8,99.2,Safe R,False,-12.99,5.64
NJ-08,Rob Menendez,D,D+15,15.0,False,,6.3,5.2,12.98,D,98.6,1.4,Likely D,False,12.72,5.42
NY-23,Nick Langworthy,R,R+10,-10.0,False,,6.7,5.2,-13.02,R,1.0,99.0,Likely R,False,-12.94,5.29
CA-09,Josh Harder,D,D+12,12.0,False,,0.1,5.2,13.07,D,99.2,0.8,Safe D,False,13.09,5.36
CA-35,Norma Torres,D,D+12,12.0,False,,0.0,5.2,13.12,D,99.1,0.9,Safe D,False,13.06,5.47
TX-20,Joaquin Castro,D,D+12,12.0,False,,0.0,5.2,13.12,D,99.5,0.5,Safe D,False,13.46,5.39
MO-04,Mark Alford,R,R+13,-13.0,False,,0.9,5.2,-13.14,R,0.4,99.6,Safe R,False,-13.09,5.37
NY-24,Claudia Tenney,R,R+11,-11.0,False,,5.0,5.2,-13.18,R,0.1,99.9,Safe R,False,-13.28,5.19
FL-18,Scott Franklin,R,R+14,-14.0,False,,-1.0,5.2,-13.2,R,0.5,99.5,Safe R,False,-13.38,5.46
TX-27,Michael Cloud,R,R+14,-14.0,False,,-0.8,5.2,-13.3,R,0.9,99.1,Safe R,False,-13.25,5.35
ID-02,Mike Simpson,R,R+13,-13.0,False,,1.2,5.2,-13.3,R,0.6,99.4,Safe R,False,-13.55,5.29
FL-01,Matt Gaetz,R,R+18,-18.0,False,,-8.5,5.2,-13.48,R,0.6,99.4,Safe R,False,-13.4,5.52
WA-01,Suzan DelBene,D,D+15,15.0,False,,4.9,5.2,13.7,D,99.3,0.7,Safe D,False,13.63,5.36
MS-03,Michael Guest,R,R+14,-14.0,False,,0.0,5.2,-13.71,R,0.4,99.6,Safe R,False,-13.85,5.27
FL-19,Byron Donalds,R,R+14,-14.0,True,Running for Governor,0.0,5.2,-13.71,R,0.8,99.2,Safe R,False,-13.6,5.4
FL-06,Michael Waltz,R,R+14,-14.0,True,Resigned - NSA,0.0,5.2,-13.71,R,0.4,99.6,Safe R,False,-13.42,5.4
CA-38,Linda Sánchez,D,D+14,14.0,False,,2.4,5.2,13.95,D,99.2,0.8,Safe D,False,13.72,5.2
AL-07,Terri Sewell,D,D+13,13.0,False,,0.2,5.2,14.05,D,99.9,0.1,Safe D,False,13.96,5.35
TX-17,Pete Sessions,R,R+14,-14.0,False,,0.7,5.2,-14.07,R,0.6,99.4,Safe R,False,-13.93,5.33
MI-06,Debbie Dingell,D,D+12,12.0,False,,-2.0,5.2,14.14,D,99.8,0.2,Safe D,False,14.13,5.22
AZ-07,Raúl Grijalva,D,D+13,13.0,True,Deceased,0.0,5.2,14.15,D,99.9,0.1,Safe D,False,14.26,5.24
NJ-12,Bonnie Watson Coleman,D,D+13,13.0,True,Retiring,0.0,5.2,14.15,D,99.4,0.6,Safe D,False,13.73,5.33
MA-02,Jim McGovern,D,D+13,13.0,False,,0.0,5.2,14.15,D,99.7,0.3,Safe D,False,14.37,5.1
AR-03,Steve Womack,R,R+13,-13.0,False,,2.9,5.2,-14.17,R,0.5,99.5,Safe R,False,-14.5,5.35
TX-03,Keith Self,R,R+14,-14.0,False,,1.0,5.2,-14.23,R,0.4,99.6,Safe R,False,-14.37,5.28
WA-02,Rick Larsen,D,D+12,12.0,False,,-2.2,5.2,14.25,D,99.7,0.3,Safe D,False,14.51,5.3
IN-09,Erin Houchin,R,R+15,-15.0,False,,-0.9,5.2,-14.29,R,0.6,99.4,Safe R,False,-14.37,5.2
LA-06,Cleo Fields,D,D+8,8.0,False,,-10.5,5.2,14.38,D,99.4,0.6,Safe D,False,14.46,5.4
CT-01,John B. Larson,D,D+12,12.0,False,,-2.5,5.2,14.4,D,99.6,0.4,Safe D,False,14.36,5.35
GA-03,Brian Jack,R,R+15,-15.0,False,,-0.3,5.2,-14.59,R,0.3,99.7,Safe R,False,-14.66,5.32
MI-05,Tim Walberg,R,R+13,-13.0,False,,3.9,5.2,-14.68,R,0.1,99.9,Safe R,False,-14.55,5.43
CA-33,Pete Aguilar,D,D+13,13.0,False,,-1.1,5.2,14.71,D,99.9,0.1,Safe D,False,14.83,5.34
GA-11,Barry Loudermilk,R,R+12,-12.0,False,,6.0,5.2,-14.73,R,0.1,99.9,Safe R,False,-14.52,5.42
CA-20,Vince Fong,R,R+15,-15.0,False,,0.0,5.2,-14.75,R,0.3,99.7,Safe R,False,-14.74,5.71
MT-02,Troy Downing,R,R+15,-15.0,False,,0.0,5.2,-14.75,R,0.2,99.8,Safe R,False,-15.02,5.39
IA-04,Randy Feenstra,R,R+15,-15.0,True,Running for Governor,0.0,5.2,-14.75,R,0.3,99.7,Safe R,False,-14.81,5.54
SD-AL,Dusty Johnson,R,R+15,-15.0,True,Running for Governor,0.0,5.2,-14.75,R,0.2,99.8,Safe R,False,-14.71,5.05
AL-05,Dale Strong,R,R+15,-15.0,False,,0.0,5.2,-14.75,R,0.1,99.9,Safe R,False,-15.03,5.44
PA-14,Guy Reschenthaler,R,R+17,-17.0,False,,-4.0,5.2,-14.76,R,0.3,99.7,Safe R,False,-14.57,5.4
OR-02,Cliff Bentz,R,R+14,-14.0,False,,2.1,5.2,-14.79,R,0.2,99.8,Safe R,False,-14.85,5.5
OH-06,Michael Rulli,R,R+16,-16.0,False,,-1.5,5.2,-15.01,R,0.3,99.7,Safe R,False,-14.73,5.37
TX-02,Dan Crenshaw,R,R+15,-15.0,False,,0.7,5.2,-15.11,R,0.4,99.6,Safe R,False,-15.33,5.57
IN-06,Jefferson Shreve,R,R+16,-16.0,False,,-1.3,5.2,-15.11,R,0.2,99.8,Safe R,False,-15.28,5.19
NJ-04,Chris Smith,R,R+14,-14.0,False,,2.9,5.2,-15.2,R,0.2,99.8,Safe R,False,-15.24,5.48
GA-08,Austin Scott,R,R+15,-15.0,False,,1.3,5.2,-15.41,R,0.2,99.8,Safe R,False,-15.58,5.51
NY-26,Tim Kennedy,D,D+11,11.0,False,,-6.7,5.2,15.52,D,99.9,0.1,Safe D,False,15.68,5.37
MI-02,John Moolenaar,R,R+15,-15.0,False,,1.8,5.2,-15.67,R,0.1,99.9,Safe R,False,-15.63,5.37
IN-04,Jim Baird,R,R+15,-15.0,False,,1.8,5.2,-15.67,R,0.1,99.9,Safe R,False,-16.0,5.46
TX-08,Morgan Luttrell,R,R+16,-16.0,True,Retiring,0.0,5.2,-15.78,R,0.0,100.0,Safe R,False,-15.87,5.38
CA-28,Judy Chu,D,D+15,15.0,False,,0.6,5.2,15.91,D,99.7,0.3,Safe D,False,15.81,5.36
NC-02,Deborah Ross,D,D+15,15.0,False,,0.5,5.2,15.96,D,100.0,0.0,Safe D,False,15.84,5.22
RI-01,Gabe Amo,D,D+12,12.0,False,,-6.3,5.2,16.35,D,99.8,0.2,Safe D,False,16.19,5.17
PA-05,Mary Gay Scanlon,D,D+15,15.0,False,,-0.5,5.2,16.47,D,99.8,0.2,Safe D,False,16.61,5.49
TX-14,Randy Weber,R,R+17,-17.0,False,,-0.5,5.2,-16.55,R,0.0,100.0,Safe R,False,-16.49,5.36
GA-09,Andrew Clyde,R,R+17,-17.0,False,,-0.5,5.2,-16.55,R,0.2,99.8,Safe R,False,-16.34,5.15
MO-06,Sam Graves,R,R+16,-16.0,False,,1.8,5.2,-16.7,R,0.0,100.0,Safe R,False,-16.8,5.36
TN-06,John Rose,R,R+17,-17.0,True,Running for Governor,0.0,5.2,-16.81,R,0.2,99.8,Safe R,False,-16.69,5.49
CA-32,Brad Sherman,D,D+17,17.0,False,,2.8,5.2,16.84,D,99.9,0.1,Safe D,False,16.98,5.35
OK-04,Tom Cole,R,R+17,-17.0,False,,0.4,5.2,-17.02,R,0.0,100.0,Safe R,False,-16.95,5.64
TX-16,Veronica Escobar,D,D+18,18.0,False,,4.0,5.2,17.26,D,99.9,0.1,Safe D,False,17.44,5.28
OH-12,Troy Balderson,R,R+17,-17.0,False,,0.9,5.2,-17.27,R,0.0,100.0,Safe R,False,-17.34,5.56
KS-01,Tracey Mann,R,R+16,-16.0,False,,2.9,5.2,-17.27,R,0.1,99.9,Safe R,False,-17.31,5.32
IL-01,Jonathan Jackson,D,D+18,18.0,False,,3.8,5.2,17.36,D,99.9,0.1,Safe D,False,17.22,5.35
CA-41,Ken Calvert,R,D+13,13.0,False,,-6.4,5.2,17.43,D,99.9,0.1,Safe D,True,17.72,5.34
TN-03,Chuck Fleischmann,R,R+18,-18.0,False,,-0.6,5.2,-17.54,R,0.0,100.0,Safe R,False,-17.72,5.38
IN-03,Marlin Stutzman,R,R+16,-16.0,False,,3.5,5.2,-17.57,R,0.0,100.0,Safe R,False,-17.83,5.3
MI-09,Lisa McClain,R,R+16,-16.0,False,,3.5,5.2,-17.57,R,0.0,100.0,Safe R,False,-17.61,5.46
TN-02,Tim Burchett,R,R+17,-17.0,False,,1.5,5.2,-17.58,R,0.0,100.0,Safe R,False,-17.68,5.23
AL-06,Gary Palmer,R,R+20,-20.0,False,,-4.5,5.2,-17.6,R,0.0,100.0,Safe R,False,-17.66,5.4
CA-10,Mark DeSaulnier,D,D+18,18.0,False,,3.3,5.2,17.62,D,100.0,0.0,Safe D,False,17.56,5.46
FL-26,Mario Díaz-Balart,R,R+16,-16.0,False,,3.6,5.2,-17.63,R,0.1,99.9,Safe R,False,-17.8,5.25
MD-05,Steny Hoyer,D,D+17,17.0,False,,1.2,5.2,17.66,D,100.0,0.0,Safe D,False,17.83,5.18
MN-04,Betty McCollum,D,D+18,18.0,False,,3.0,5.2,17.77,D,99.8,0.2,Safe D,False,17.48,5.45
MS-01,Trent Kelly,R,R+18,-18.0,False,,-0.1,5.2,-17.79,R,0.0,100.0,Safe R,False,-17.72,5.37
VA-04,Jennifer McClellan,D,D+17,17.0,False,,0.9,5.2,17.82,D,99.9,0.1,Safe D,False,17.76,5.5
TX-25,Roger Williams,R,R+18,-18.0,False,,0.0,5.2,-17.84,R,0.0,100.0,Safe R,False,-17.68,5.35
KY-04,Thomas Massie,R,R+18,-18.0,False,,0.0,5.2,-17.84,R,0.0,100.0,Safe R,False,-17.89,5.36
IL-03,Delia Ramirez,D,D+17,17.0,False,,0.2,5.2,18.17,D,100.0,0.0,Safe D,False,18.27,5.12
IL-04,Chuy García,D,D+17,17.0,True,Retiring,0.0,5.2,18.28,D,100.0,0.0,Safe D,False,18.57,5.19
VT-AL,Becca Balint,D,D+17,17.0,False,,-0.3,5.2,18.43,D,100.0,0.0,Safe D,False,18.41,5.18
ND-AL,Julie Fedorchak,R,R+18,-18.0,False,,1.2,5.2,-18.46,R,0.0,100.0,Safe R,False,-18.63,5.4
MN-07,Michelle Fischbach,R,R+18,-18.0,False,,1.3,5.2,-18.51,R,0.0,100.0,Safe R,False,-18.6,5.36
CA-46,Lou Correa,D,D+15,15.0,False,,-4.6,5.2,18.57,D,100.0,0.0,Safe D,False,18.73,5.29
UT-02,Celeste Maloy,R,R+19,-19.0,False,,-0.4,5.2,-18.67,R,0.0,100.0,Safe R,False,-18.32,5.67
PA-09,Dan Meuser,R,R+19,-19.0,False,,-0.2,5.2,-18.77,R,0.0,100.0,Safe R,False,-18.9,5.15
FL-12,Gus Bilirakis,R,R+17,-17.0,False,,4.6,5.2,-19.17,R,0.0,100.0,Safe R,False,-19.21,5.51
IL-02,Robin Kelly,D,D+18,18.0,True,Running for Senate,0.0,5.2,19.31,D,100.0,0.0,Safe D,False,19.18,5.31
VA-11,Gerry Connolly,D,D+18,18.0,True,Deceased,0.0,5.2,19.31,D,100.0,0.0,Safe D,False,19.57,5.36
NY-14,Alexandria Ocasio-Cortez,D,D+19,19.0,False,,1.5,5.2,19.57,D,100.0,0.0,Safe D,False,19.71,5.24
FL-24,Frederica Wilson,D,D+18,18.0,False,,-0.5,5.2,19.57,D,100.0,0.0,Safe D,False,19.36,5.41
PA-15,Glenn Thompson,R,R+19,-19.0,False,,1.4,5.2,-19.59,R,0.0,100.0,Safe R,False,-19.36,5.16
HI-02,Jill Tokuda,D,D+12,12.0,False,,-13.0,5.2,19.79,D,100.0,0.0,Safe D,False,19.82,5.48
IN-08,Mark Messmer,R,R+18,-18.0,False,,4.0,5.2,-19.89,R,0.0,100.0,Safe R,False,-20.17,5.34
CA-18,Zoe Lofgren,D,D+22,22.0,False,,6.9,5.2,19.9,D,99.8,0.2,Safe D,False,19.76,5.39
IL-15,Mary Miller,R,R+20,-20.0,False,,0.0,5.2,-19.91,R,0.0,100.0,Safe R,False,-19.6,5.27
OH-04,Jim Jordan,R,R+22,-22.0,False,,-3.9,5.2,-19.97,R,0.1,99.9,Safe R,False,-19.95,5.48
CA-36,Ted Lieu,D,D+21,21.0,False,,4.5,5.2,20.1,D,100.0,0.0,Safe D,False,20.17,5.3
WV-01,Carol Miller,R,R+22,-22.0,False,,-3.2,5.2,-20.33,R,0.0,100.0,Safe R,False,-20.45,5.37
TX-33,Marc Veasey,D,D+19,19.0,True,Retiring,0.0,5.2,20.34,D,100.0,0.0,Safe D,False,20.37,5.31
IL-09,Jan Schakowsky,D,D+19,19.0,True,Retiring,0.0,5.2,20.34,D,99.9,0.1,Safe D,False,20.46,5.51
TN-04,Scott DesJarlais,R,R+21,-21.0,False,,-1.0,5.2,-20.43,R,0.0,100.0,Safe R,False,-20.52,5.41
OH-03,Joyce Beatty,D,D+20,20.0,False,,1.6,5.2,20.55,D,100.0,0.0,Safe D,False,20.48,5.5
CO-02,Joe Neguse,D,D+20,20.0,False,,1.4,5.2,20.65,D,100.0,0.0,Safe D,False,20.71,5.31
CA-19,Jimmy Panetta,D,D+19,19.0,False,,-0.7,5.2,20.7,D,100.0,0.0,Safe D,False,20.96,5.49
IL-05,Mike Quigley,D,D+19,19.0,False,,-0.7,5.2,20.7,D,100.0,0.0,Safe D,False,20.34,5.19
AR-04,Bruce Westerman,R,R+20,-20.0,False,,1.7,5.2,-20.78,R,0.0,100.0,Safe R,False,-20.85,5.35
LA-05,Julia Letlow,R,R+18,-18.0,False,,5.8,5.2,-20.82,R,0.0,100.0,Safe R,False,-20.6,5.48
VA-03,Bobby Scott,D,D+18,18.0,False,,-3.2,5.2,20.95,D,100.0,0.0,Safe D,False,21.0,5.38
KY-02,Brett Guthrie,R,R+20,-20.0,False,,2.1,5.2,-20.98,R,0.0,100.0,Safe R,False,-20.73,5.51
WV-02,Riley Moore,R,R+20,-20.0,False,,2.2,5.2,-21.04,R,0.0,100.0,Safe R,False,-21.14,5.22
IN-07,André Carson,D,D+21,21.0,False,,2.3,5.2,21.23,D,99.9,0.1,Safe D,False,21.38,5.33
VA-09,Morgan Griffith,R,R+22,-22.0,False,,-1.4,5.2,-21.25,R,0.0,100.0,Safe R,False,-21.42,5.36
LA-01,Steve Scalise,R,R+19,-19.0,False,,4.8,5.2,-21.34,R,0.0,100.0,Safe R,False,-21.22,5.26
OH-02,David Taylor,R,R+21,-21.0,False,,0.8,5.2,-21.35,R,0.0,100.0,Safe R,False,-21.21,5.22
ID-01,Russ Fulcher,R,R+22,-22.0,False,,-0.5,5.2,-21.71,R,0.0,100.0,Safe R,False,-21.7,5.5
MA-08,Stephen Lynch,D,D+15,15.0,False,,-11.0,5.2,21.86,D,100.0,0.0,Safe D,False,22.02,5.39
TN-08,David Kustoff,R,R+21,-21.0,False,,1.8,5.2,-21.86,R,0.0,100.0,Safe R,False,-21.8,5.35
TX-11,August Pfluger,R,R+22,-22.0,False,,0.0,5.2,-21.97,R,0.0,100.0,Safe R,False,-21.9,5.29
WI-02,Mark Pocan,D,D+21,21.0,False,,0.8,5.2,21.99,D,100.0,0.0,Safe D,False,22.05,5.28
IL-12,Mike Bost,R,R+22,-22.0,False,,0.1,5.2,-22.02,R,0.0,100.0,Safe R,False,-22.11,5.21
MS-04,Mike Ezell,R,R+21,-21.0,False,,2.2,5.2,-22.07,R,0.0,100.0,Safe R,False,-22.12,5.31
LA-03,Clay Higgins,R,R+22,-22.0,False,,0.2,5.2,-22.07,R,0.0,100.0,Safe R,False,-22.2,5.48
CA-08,John Garamendi,D,D+21,21.0,False,,0.5,5.2,22.15,D,100.0,0.0,Safe D,False,22.13,5.27
LA-02,Troy Carter,D,D+17,17.0,False,,-7.7,5.2,22.23,D,100.0,0.0,Safe D,False,22.15,5.12
CA-52,Juan Vargas,D,D+18,18.0,False,,-5.8,5.2,22.28,D,100.0,0.0,Safe D,False,22.16,5.19
PA-02,Brendan Boyle,D,D+19,19.0,False,,-3.9,5.2,22.34,D,100.0,0.0,Safe D,False,22.27,5.11
CA-17,Ro Khanna,D,D+25,25.0,False,,8.1,5.2,22.38,D,100.0,0.0,Safe D,False,22.38,5.26
UT-04,Burgess Owens,R,R+21,-21.0,False,,2.9,5.2,-22.43,R,0.0,100.0,Safe R,False,-22.84,5.55
OR-01,Suzanne Bonamici,D,D+20,20.0,False,,-2.5,5.2,22.66,D,100.0,0.0,Safe D,False,22.78,5.25
GA-13,David Scott,D,D+21,21.0,False,,-0.6,5.2,22.71,D,100.0,0.0,Safe D,False,22.97,5.44
CA-30,Laura Friedman,D,D+23,23.0,False,,3.2,5.2,22.83,D,100.0,0.0,Safe D,False,23.02,5.27
NY-05,Gregory Meeks,D,D+24,24.0,False,,5.1,5.2,22.88,D,100.0,0.0,Safe D,False,22.88,5.61
HI-01,Ed Case,D,D+13,13.0,False,,-17.1,5.2,22.92,D,100.0,0.0,Safe D,False,23.14,5.26
AL-03,Mike Rogers,R,R+23,-23.0,False,,0.0,5.2,-23.0,R,0.0,100.0,Safe R,False,-22.99,5.18
OK-03,Frank Lucas,R,R+23,-23.0,False,,0.0,5.2,-23.0,R,0.0,100.0,Safe R,False,-22.62,5.13
WY-AL,Harriet Hageman,R,R+23,-23.0,True,Running for Senate,0.0,5.2,-23.0,R,0.0,100.0,Safe R,False,-22.72,5.31
NC-04,Valerie Foushee,D,D+21,21.0,False,,-1.2,5.2,23.02,D,100.0,0.0,Safe D,False,23.38,5.36
PA-13,John Joyce,R,R+23,-23.0,False,,0.1,5.2,-23.05,R,0.0,100.0,Safe R,False,-22.97,5.4
KY-01,James Comer,R,R+23,-23.0,False,,0.2,5.2,-23.11,R,0.0,100.0,Safe R,False,-23.17,5.37
NY-16,George Latimer,D,D+18,18.0,False,,-7.6,5.2,23.21,D,100.0,0.0,Safe D,False,23.2,5.21
MI-12,Rashida Tlaib,D,D+21,21.0,False,,-1.7,5.2,23.28,D,100.0,0.0,Safe D,False,23.33,5.29
SC-03,Sheri Biggs,R,R+21,-21.0,False,,4.7,5.2,-23.35,R,0.0,100.0,Safe R,False,-23.32,5.4
FL-20,Sheila Cherfilus-McCormick,D,D+22,22.0,False,,0.0,5.2,23.44,D,100.0,0.0,Safe D,False,23.29,5.26
WA-09,Adam Smith,D,D+22,22.0,False,,0.0,5.2,23.44,D,100.0,0.0,Safe D,False,23.72,5.45
MI-13,Shri Thanedar,D,D+22,22.0,False,,-0.4,5.2,23.64,D,100.0,0.0,Safe D,False,23.68,5.57
TX-13,Ronny Jackson,R,R+24,-24.0,False,,0.0,5.2,-24.03,R,0.0,100.0,Safe R,False,-24.08,5.33
MO-07,Eric Burlison,R,R+24,-24.0,False,,0.2,5.2,-24.14,R,0.0,100.0,Safe R,False,-24.06,5.6
NC-12,Alma Adams,D,D+23,23.0,False,,0.3,5.2,24.32,D,100.0,0.0,Safe D,False,24.54,5.24
AR-01,Rick Crawford,R,R+23,-23.0,False,,2.8,5.2,-24.44,R,0.0,100.0,Safe R,False,-24.51,5.51
CA-14,Eric Swalwell,D,D+23,23.0,True,Running for Governor,0.0,5.2,24.47,D,100.0,0.0,Safe D,False,24.56,5.35
TX-29,Sylvia Garcia,D,D+21,21.0,False,,-4.7,5.2,24.82,D,100.0,0.0,Safe D,False,24.95,5.14
AZ-03,Yassamin Ansari,D,D+22,22.0,False,,-2.9,5.2,24.92,D,100.0,0.0,Safe D,False,24.86,5.22
TN-09,Steve Cohen,D,D+23,23.0,False,,-1.1,5.2,25.03,D,100.0,0.0,Safe D,False,25.31,5.36
TX-19,Jodey Arrington,R,R+25,-25.0,True,Retiring,0.0,5.2,-25.07,R,0.0,100.0,Safe R,False,-25.3,5.02
TX-01,Nathaniel Moran,R,R+25,-25.0,False,,0.0,5.2,-25.07,R,0.0,100.0,Safe R,False,-24.94,5.53
GA-06,Lucy McBath,D,D+25,25.0,False,,2.4,5.2,25.3,D,100.0,0.0,Safe D,False,25.51,5.41
OR-03,Maxine Dexter,D,D+24,24.0,False,,0.0,5.2,25.5,D,100.0,0.0,Safe D,False,25.48,5.28
MA-05,Katherine Clark,D,D+24,24.0,False,,0.0,5.2,25.5,D,100.0,0.0,Safe D,False,25.45,5.2
NY-09,Yvette Clarke,D,D+22,22.0,False,,-4.1,5.2,25.54,D,100.0,0.0,Safe D,False,25.73,4.99
VA-08,Don Beyer,D,D+26,26.0,False,,3.8,5.2,25.62,D,100.0,0.0,Safe D,False,25.54,5.47
OK-02,Josh Brecheen,R,R+28,-28.0,False,,-4.9,5.2,-25.65,R,0.0,100.0,Safe R,False,-25.56,5.21
NY-08,Hakeem Jeffries,D,D+24,24.0,False,,-0.8,5.2,25.91,D,100.0,0.0,Safe D,False,25.95,5.34
LA-04,Mike Johnson,R,R+26,-26.0,False,,0.0,5.2,-26.1,R,0.0,100.0,Safe R,False,-26.38,5.26
MO-08,Jason Smith,R,R+27,-27.0,False,,-1.5,5.2,-26.36,R,0.0,100.0,Safe R,False,-26.59,5.29
NY-07,Nydia Velázquez,D,D+25,25.0,True,Retiring,0.0,5.2,26.53,D,100.0,0.0,Safe D,False,26.88,5.31
TX-30,Jasmine Crockett,D,D+25,25.0,True,Running for Senate,0.0,5.2,26.53,D,100.0,0.0,Safe D,False,26.73,5.29
GA-04,Hank Johnson,D,D+27,27.0,False,,4.0,5.2,26.55,D,100.0,0.0,Safe D,False,26.68,5.35
MN-05,Ilhan Omar,D,D+32,32.0,False,,13.1,5.2,27.04,D,100.0,0.0,Safe D,False,26.79,5.26
AL-01,Barry Moore,R,R+27,-27.0,True,Running for Senate,0.0,5.2,-27.13,R,0.0,100.0,Safe R,False,-27.14,5.3
TX-37,Lloyd Doggett,D,D+26,26.0,True,Retiring,0.0,5.2,27.57,D,100.0,0.0,Safe D,False,27.71,5.46
CA-15,Kevin Mullin,D,D+29,29.0,False,,6.0,5.2,27.58,D,100.0,0.0,Safe D,False,27.71,5.32
NJ-10,LaMonica McIver,D,D+27,27.0,False,,1.7,5.2,27.72,D,100.0,0.0,Safe D,False,27.93,5.34
NY-15,Ritchie Torres,D,D+27,27.0,False,,1.2,5.2,27.98,D,100.0,0.0,Safe D,False,27.96,5.28
WI-04,Gwen Moore,D,D+26,26.0,False,,-1.0,5.2,28.08,D,100.0,0.0,Safe D,False,27.91,5.12
NE-03,Adrian Smith,R,R+27,-27.0,False,,2.6,5.2,-28.46,R,0.0,100.0,Safe R,False,-28.62,5.32
CA-16,Sam Liccardo,D,D+27,27.0,False,,0.0,5.2,28.6,D,100.0,0.0,Safe D,False,28.65,5.5
TN-01,Diana Harshbarger,R,R+29,-29.0,False,,-0.5,5.2,-28.94,R,0.0,100.0,Safe R,False,-29.14,5.29
CO-01,Diana DeGette,D,D+29,29.0,False,,2.9,5.2,29.17,D,100.0,0.0,Safe D,False,29.07,5.12
CA-29,Luz Rivas,D,D+27,27.0,False,,-1.6,5.2,29.42,D,100.0,0.0,Safe D,False,29.27,5.37
MD-08,Jamie Raskin,D,D+30,30.0,False,,3.0,5.2,30.15,D,100.0,0.0,Safe D,False,29.99,5.32
UT-03,Mike Kennedy,R,R+25,-25.0,False,,10.5,5.2,-30.45,R,0.0,100.0,Safe R,False,-30.52,5.39
MO-01,Wesley Bell,D,D+27,27.0,False,,-4.1,5.2,30.7,D,100.0,0.0,Safe D,False,30.7,5.45
KY-05,Hal Rogers,R,R+32,-32.0,False,,0.0,5.2,-32.29,R,0.0,100.0,Safe R,False,-32.09,5.23
CA-44,Nanette Barragan,D,D+29,29.0,False,,-3.2,5.2,32.3,D,100.0,0.0,Safe D,False,32.35,5.28
TX-18,Sylvester Turner,D,D+31,31.0,True,Deceased,0.0,5.2,32.73,D,100.0,0.0,Safe D,False,32.82,5.23
OH-11,Shontel Brown,D,D+29,29.0,False,,-4.1,5.2,32.76,D,100.0,0.0,Safe D,False,32.83,5.38
AL-04,Robert Aderholt,R,R+33,-33.0,False,,0.0,5.2,-33.32,R,0.0,100.0,Safe R,False,-33.51,5.23
CA-43,Maxine Waters,D,D+34,34.0,False,,4.7,5.2,33.41,D,100.0,0.0,Safe D,False,33.31,5.35
MD-07,Kweisi Mfume,D,D+31,31.0,False,,-2.8,5.2,34.16,D,100.0,0.0,Safe D,False,34.25,5.33
NY-13,Adriano Espaillat,D,D+32,32.0,False,,-1.4,5.2,34.48,D,100.0,0.0,Safe D,False,34.28,5.24
NY-12,Jerry Nadler,D,D+33,33.0,True,Retiring,0.0,5.2,34.79,D,100.0,0.0,Safe D,False,34.92,5.19
NY-10,Dan Goldman,D,D+32,32.0,False,,-4.0,5.2,35.81,D,100.0,0.0,Safe D,False,35.95,5.24
CA-34,Jimmy Gomez,D,D+34,34.0,False,,0.0,5.2,35.82,D,100.0,0.0,Safe D,False,35.62,5.42
MA-07,Ayanna Pressley,D,D+34,34.0,False,,0.0,5.2,35.82,D,100.0,0.0,Safe D,False,35.71,5.33
IL-07,Danny Davis,D,D+34,34.0,True,Retiring,0.0,5.2,35.82,D,100.0,0.0,Safe D,False,35.85,5.15
WA-07,Pramila Jayapal,D,D+39,39.0,False,,9.1,5.2,36.31,D,100.0,0.0,Safe D,False,36.5,5.1
GA-05,Nikema Williams,D,D+36,36.0,False,,1.1,5.2,37.32,D,100.0,0.0,Safe D,False,37.6,5.65
CA-11,Nancy Pelosi,D,D+36,36.0,True,Retiring,0.0,5.2,37.89,D,100.0,0.0,Safe D,False,37.97,5.5
CA-37,Sydney Kamlager-Dove,D,D+38,38.0,False,,0.0,5.2,39.95,D,100.0,0.0,Safe D,False,40.0,5.39
MD-04,Glenn Ivey,D,D+39,39.0,False,,0.8,5.2,40.57,D,100.0,0.0,Safe D,False,40.64,5.28
CA-12,Lateefah Simon,D,D+39,39.0,False,,0.0,5.2,40.98,D,100.0,0.0,Safe D,False,40.92,5.34
PA-03,Dwight Evans,D,D+40,40.0,True,Retiring,0.0,5.2,42.01,D,100.0,0.0,Safe D,False,41.94,5.28
